{"regression_metrics": {"mse": {"value": 5.255681352726824, "standard_deviation": 2.292271905797979}}}